Active,Address,BankInfo,Commission,DOB,Dept,EmpID,EndDate,HomeEmail,HomePhone,Hourly,Name,OfficeEmail,OfficePhone,Password,PayMethod,PermissionLevel,PermittedLockOn,Route,SSNum,Salary,StartDate,Title
True,,,34,0001-01-01 00:00:00,,688997,0001-01-01 00:00:00,,,46.92,Karina Gay,,,$pbkdf2-sha256$200$W8sZIwSg1Lq3ltLa2zvH.A$iXu0XAVmoO09/NCvSy9Vs7iParzrc31M2m0gBvfigmQ,1,0,0,30417353-K,-1,45884.99,0001-01-01 00:00:00,
True,,,25,0001-01-01 00:00:00,,522759,0001-01-01 00:00:00,,,68.13,TaShya D. Snow,,,$pbkdf2-sha256$200$D8HYmxNirPW.d47RWgtBKA$VVw6q2PwkKvn9XW.3Pvak9LkmPdYOuhObW4T4sOvRbQ,2,0,0,36644938-8,-1,50005.50,0001-01-01 00:00:00,
True,,,24,0001-01-01 00:00:00,,165966,0001-01-01 00:00:00,,,21.53,Rooney Alvarado,,,$pbkdf2-sha256$200$COGck1LqXWsNIYTQWgtBaA$fSQDCemfol5JByuyl365cfaPj.o.HasFjC4HvSgu1As,2,0,0,37324307-8,-1,34532.37,0001-01-01 00:00:00,
True,,,23,0001-01-01 00:00:00,,983010,0001-01-01 00:00:00,,,40.17,Jolene Burgess,,,$pbkdf2-sha256$200$rNX6v3fu3ZtzLoXQ.v8/xw$8rbn.TtaxpUFlfxha18feleLg6VqksD/ODrVFjJwS.o,2,0,0,15300058-1,-1,20042.77,0001-01-01 00:00:00,
True,,,13,0001-01-01 00:00:00,,939825,0001-01-01 00:00:00,,,46.64,Yoko M. Pitts,,,$pbkdf2-sha256$200$1Np7DwEAAAAA4ByjlPKe0w$R9c5RWwDeQ0V5zHxy0tprmEiGtcMBJzA3gLwRVFdRGY,1,0,0,44553589-3,-1,35251.89,0001-01-01 00:00:00,
True,,,33,0001-01-01 00:00:00,,379767,0001-01-01 00:00:00,,,82.98,Jin W. Morrison,,,$pbkdf2-sha256$200$LSVEaE1Jac05R0iplfI.hw$PO9hPVAbo0W73vhpJXE1Onk8mUeB9Hc7bnDPs/AmiMg,1,0,0,21038669-6,-1,64467.10,0001-01-01 00:00:00,
True,,,16,0001-01-01 00:00:00,,900100,0001-01-01 00:00:00,,,42.76,Sopoline Bullock,,,$pbkdf2-sha256$200$f09pTal1Tqk1JiSklLIWQg$dTE29lWskAxqywOb/GiSabXlm3X24DOZFP1JQ7AgP9c,2,0,0,46979340-0,-1,81929.49,0001-01-01 00:00:00,
True,,,22,0001-01-01 00:00:00,,969829,0001-01-01 00:00:00,,,17.33,Bruce A. Raymond,,,$pbkdf2-sha256$200$em9NScl5T4nRmjNmLEWotQ$QJNEeauPM0xLUbkLJrUBuuIDA3t0Tb23.5slkj.pGQc,2,0,0,28504011-6,-1,37697.26,0001-01-01 00:00:00,
True,,,35,0001-01-01 00:00:00,,283809,0001-01-01 00:00:00,,,91.22,Hanae Dickson,,,$pbkdf2-sha256$200$0DrnvJcyhvC.d27tXWuN0Q$Y1I5lx02HdcgRzfnXbTY0QU.wKVjgfcNFnz5Z471rS4,2,0,0,48786143-K,-1,51018.46,0001-01-01 00:00:00,
True,,,23,0001-01-01 00:00:00,,224568,0001-01-01 00:00:00,,,24.70,Jenna B. Strickland,,,$pbkdf2-sha256$200$9N7bW8u5d651jnEuxbj3fg$8ESinG2lT10uFySXTdCXKgniwwwASBPzvJ6R8stIT78,1,0,0,33878326-4,-1,57545.39,0001-01-01 00:00:00,
True,,,24,0001-01-01 00:00:00,,752867,0001-01-01 00:00:00,,,42.26,Ruth S. Haley,,,$pbkdf2-sha256$200$1hqD8P6f8/6/NyZkDGGsFQ$GlhWnJpGWm.8dkLfFusVbFK.IPuyelVk/X3O2MYAPvA,1,0,0,12046284-9,-1,61050.17,0001-01-01 00:00:00,
True,,,17,0001-01-01 00:00:00,,163695,0001-01-01 00:00:00,,,86.47,Beatrice P. Ware,,,$pbkdf2-sha256$200$jNH6fw/hPOf8H8MYg5ASYg$LhuGXVoT3EmEPHQ.XCt.uaCJqp5ejMJrfSf7fuSgQ0E,1,0,0,26387832-9,-1,46342.01,0001-01-01 00:00:00,
True,,,31,0001-01-01 00:00:00,,226423,0001-01-01 00:00:00,,,57.05,Randall Horton,,,$pbkdf2-sha256$200$tRYipFTqPef8X2tNKWVsjQ$sx0/vqIXz8.HzQh3FiAiXonim75DzGaFrRLGHY.Eutc,2,0,0,13255163-4,-1,40872.60,0001-01-01 00:00:00,
True,,,19,0001-01-01 00:00:00,,349833,0001-01-01 00:00:00,,,82.41,Damian Garrison,,,$pbkdf2-sha256$200$/997D0HIOYfwHqM0RigFoA$M95kY0cM1Vwhi3llKjeUfHwQx7pAvAn/vTvKh1Y6mfU,2,0,0,45550736-7,-1,99571.55,0001-01-01 00:00:00,
True,,,27,0001-01-01 00:00:00,,531061,0001-01-01 00:00:00,,,38.42,Alvin Guerrero,,,$pbkdf2-sha256$200$Qwgh5FzLOQdASIkRAsAYQw$lbGMSMZyYJlzP4t3Kv0IKnAsQ7Q5Q8lTOW1lfzsdL.k,2,0,0,16935557-6,-1,56430.96,0001-01-01 00:00:00,
True,,,13,0001-01-01 00:00:00,,169927,0001-01-01 00:00:00,,,95.73,Alexandra Y. Duke,,,$pbkdf2-sha256$200$wxijlPKe8z4n5JzT.t97Tw$cuyfOGRsrMQOvTvsDUwlFzHtO60dlJNlc1Y/1SfL18A,2,0,0,23609043-4,-1,31631.98,0001-01-01 00:00:00,
True,,,32,0001-01-01 00:00:00,,454912,0001-01-01 00:00:00,,,25.20,Sylvester J. Rowland,,,$pbkdf2-sha256$200$9/5fCyGk1Pqfk7I2JmSMcQ$GuKcK3YFqZoxVJFAYJ6ewzcM2tXZbLJ9FYy3TDH/.wM,1,0,0,5363288-2,-1,49570.97,0001-01-01 00:00:00,
True,,,22,0001-01-01 00:00:00,,285767,0001-01-01 00:00:00,,,87.54,Porter Wolfe,,,$pbkdf2-sha256$200$R6jV2vu/d07JGYNQytnbOw$FPOrdd2VaswMzIJotoaQH3rSPqer.HupJAj/.roCcc8,1,0,0,16506147-0,-1,41212.83,0001-01-01 00:00:00,
True,,,15,0001-01-01 00:00:00,,674261,0001-01-01 00:00:00,,,83.43,Scott T. Shields,,,$pbkdf2-sha256$200$dU6pVcr5X0sJwZjTmjMmpA$8gAUxr9jcVnMWOmMaeLb894OFGVFE.yLDaNKIvUvV/Y,1,0,0,21871936-8,-1,86913.93,0001-01-01 00:00:00,
True,,,27,0001-01-01 00:00:00,,265154,0001-01-01 00:00:00,,,67.73,Amir Mcintosh,,,$pbkdf2-sha256$200$d06JESIE4Nxba81Z6z2HcA$/OgA5mIqiEP3zXSFvndPMY8r0iVbLaT.w42.cBUp3eA,2,0,0,8752077-3,-1,91254.76,0001-01-01 00:00:00,
True,,,11,0001-01-01 00:00:00,,160769,0001-01-01 00:00:00,,,79.99,Grant X. Mccarthy,,,$pbkdf2-sha256$200$uXcOwXhvrRWiFCJEiJEyJg$Ugi.fQEPPYFGvqH9hkcoFGH2PjAzvQ8Rox282SMpGog,1,0,0,7117844-7,-1,36025.38,0001-01-01 00:00:00,
True,,,34,0001-01-01 00:00:00,,426824,0001-01-01 00:00:00,,,26.99,Mira Y. Wolf,,,$pbkdf2-sha256$200$IQSgVIoRwjhH6L33/r.3tg$ple3hj4jYmeubJMkIND2kbiF3C7YGPuf6fj6mlhLTMc,2,0,0,12666803-1,-1,45576.80,0001-01-01 00:00:00,
True,,,32,0001-01-01 00:00:00,,502141,0001-01-01 00:00:00,,,26.25,Brock Sandoval,,,$pbkdf2-sha256$200$1vpfy/mfE6L0vrd27j1nbA$cpG78ub3HS.9q/UEKNdzDXKjx8EXb5h22GZHKldX/AM,1,0,0,13977869-3,-1,58436.75,0001-01-01 00:00:00,
True,,,18,0001-01-01 00:00:00,,934003,0001-01-01 00:00:00,,,31.24,Kelsey K. Saunders,,,$pbkdf2-sha256$200$LAWAEOL835vTWgthDIEwxg$7kDayKCTKs7z2uMi6taOPoGV.WQfh8MgGUEPvHdjP.A,1,0,0,37723944-K,-1,42548.72,0001-01-01 00:00:00,
True,,,13,0001-01-01 00:00:00,,377013,0001-01-01 00:00:00,,,84.73,Teagan Goodwin,,,$pbkdf2-sha256$200$hnBuLQVgTMn5X8s5pzSGUA$TXCZNc.uatVQzAlzyWIns04chFs42/WjA2m4bCaE/dc,2,0,0,24639186-6,-1,69765.24,0001-01-01 00:00:00,
True,123OremUT84444,,13,0001-01-01 00:00:00,dept,1,0001-01-01 00:00:00,emah,123456789,84.73,David Westwood,,8011111111,$pbkdf2-sha256$200$Yqz1nvP.X8tZC6F0rhWi1A$H1BJq8Lc4IPovXsPCfq5bHqlLuFkkUJdoDTa3lRhxv0,2,1,0,24639186-6,12345678,69765.24,0001-01-01 00:00:00,dev
True,,,13,0001-01-01 00:00:00,,2,0001-01-01 00:00:00,,,84.73,Brenden Kiely,,,$pbkdf2-sha256$200$C2EM4Zwzxniv9V5L6T2HMA$QRNSPWYq87epCFdOmBYNQ1p8okSeNVc8Tn3/ZjbJfCQ,2,1,0,24639186-6,-1,69765.24,0001-01-01 00:00:00,
True,,,13,0001-01-01 00:00:00,,3,0001-01-01 00:00:00,,,84.73,Zach Ylst,,,$pbkdf2-sha256$200$A2Ds/d.b0/q/l9IaQyil1A$SQNq4UTZr5.diuLOUJxP1eJz900Si/afTh3GlutCcRQ,2,1,0,24639186-6,-1,69765.24,0001-01-01 00:00:00,
True,,,13,0001-01-01 00:00:00,,4,0001-01-01 00:00:00,,,84.73,Joshua Kruegar,,,$pbkdf2-sha256$200$TKkVgtDaey8FIMQ4p7R2bg$U7T5kKSk5pA16G8EfZLiSCmcEA4At72JFQO52UAwJo4,2,1,0,24639186-6,-1,69765.24,0001-01-01 00:00:00,
True,,,13,0001-01-01 00:00:00,,5,0001-01-01 00:00:00,,,84.73,Joseph Ware,,,$pbkdf2-sha256$200$5DyHEMLYW.sdw9h7b601pg$Fh05oYWla92YVBPMvoBPhmS.I2CiMJSx7XHDCnN4L2o,2,1,0,24639186-6,-1,69765.24,0001-01-01 00:00:00,
True,,,13,0001-01-01 00:00:00,,6,0001-01-01 00:00:00,,,84.73,Mike Crowther,,,$pbkdf2-sha256$200$fY8xRijFmBMiZOz9v9e6tw$vUDLvG7NvROXxxXHDHhmn5/ye8sPir7uIINJrLeNE6o,2,1,0,24639186-6,-1,69765.24,0001-01-01 00:00:00,
